{
  "states": [
    {"name":"Kerala","slug":"kerala","vibe":"Beaches • Backwaters • Nature","heroQuery":"kerala backwaters","hasDetailPage":true,
      "themes":["Beach","Honeymoon","Family","Nature","Culture"],
      "places":["Trivandrum","Varkala","Kovalam","Alleppey","Kumarakom","Munnar","Thekkady","Wayanad","Kochi","Athirappilly","Munroe Island"]},

    {"name":"Rajasthan","slug":"rajasthan","vibe":"Heritage • Culture • Desert","heroQuery":"rajasthan fort","hasDetailPage":false,
      "themes":["Heritage","Culture","Desert","Wildlife","Honeymoon"],
      "places":["Jaipur","Udaipur","Jodhpur","Jaisalmer","Pushkar","Ajmer","Mount Abu","Bikaner","Ranthambore","Chittorgarh"]},
    {"name":"Himachal Pradesh","slug":"himachal-pradesh","vibe":"Hills • Nature • Adventure","heroQuery":"himachal mountains","hasDetailPage":false,
      "themes":["Hills","Adventure","Nature","Trek","Honeymoon"],
      "places":["Shimla","Manali","Solang Valley","Kasol","Tosh","Kheerganga","Dharamshala","McLeod Ganj","Dalhousie","Spiti Valley","Chamba"]},
    {"name":"Uttarakhand","slug":"uttarakhand","vibe":"Hills • Spiritual • Adventure","heroQuery":"uttarakhand himalayas","hasDetailPage":false,
      "themes":["Hills","Spiritual","Adventure","Trek","Nature"],
      "places":["Rishikesh","Haridwar","Mussoorie","Dehradun","Nainital","Bhimtal","Almora","Kausani","Auli","Chopta","Valley of Flowers"]},
    {"name":"Goa","slug":"goa","vibe":"Beaches • Culture • Nightlife","heroQuery":"goa beach","hasDetailPage":false,
      "themes":["Beach","Culture","Heritage","Party","Honeymoon"],
      "places":["North Goa Beaches","South Goa Beaches","Panaji","Old Goa","Anjuna","Vagator","Baga","Palolem","Colva"]},
    {"name":"Maharashtra","slug":"maharashtra","vibe":"Cities • Sahyadris • Coast","heroQuery":"mumbai skyline","hasDetailPage":false,
      "themes":["City","Hills","Beach","Heritage","Wildlife"],
      "places":["Mumbai","Pune","Lonavala","Mahabaleshwar","Alibaug","Ratnagiri","Ganpatipule","Nashik","Aurangabad","Tadoba"]},
    {"name":"Karnataka","slug":"karnataka","vibe":"Heritage • Hills • Coast","heroQuery":"hampi ruins","hasDetailPage":false,
      "themes":["Heritage","Hills","Beach","Nature","Culture"],
      "places":["Bengaluru","Mysuru","Coorg","Chikmagalur","Hampi","Gokarna","Udupi","Mangaluru","Jog Falls","Badami"]},
    {"name":"Tamil Nadu","slug":"tamil-nadu","vibe":"Temples • Hills • Coast","heroQuery":"ooty hills","hasDetailPage":false,
      "themes":["Heritage","Hills","Beach","Culture","Temple"],
      "places":["Chennai","Mahabalipuram","Pondicherry","Ooty","Coonoor","Kodaikanal","Madurai","Rameswaram","Thanjavur","Kanyakumari"]},
    {"name":"Andhra Pradesh","slug":"andhra-pradesh","vibe":"Coast • Culture","heroQuery":"vizag beach",
      "places":["Visakhapatnam","Araku Valley","Lambasingi","Tirupati","Amaravati","Vijayawada","Srisailam"]},
    {"name":"Telangana","slug":"telangana","vibe":"Heritage • Lakes","heroQuery":"hyderabad",
      "places":["Hyderabad","Warangal","Ramappa Temple","Nagarjuna Sagar","Bhadrachalam"]},
    {"name":"Gujarat","slug":"gujarat","vibe":"Heritage • Wildlife","heroQuery":"rann of kutch",
      "places":["Ahmedabad","Gandhinagar","Statue of Unity","Gir National Park","Somnath","Dwarka","Rann of Kutch","Mandvi"]},
    {"name":"Madhya Pradesh","slug":"madhya-pradesh","vibe":"Heritage • Wildlife","heroQuery":"khajuraho temples",
      "places":["Bhopal","Indore","Ujjain","Khajuraho","Pachmarhi","Kanha","Bandhavgarh","Sanchi"]},
    {"name":"Uttar Pradesh","slug":"uttar-pradesh","vibe":"Heritage • Spiritual","heroQuery":"varanasi ghats",
      "places":["Agra","Mathura","Vrindavan","Varanasi","Prayagraj","Lucknow","Ayodhya"]},
    {"name":"Punjab","slug":"punjab","vibe":"Heritage • Culture","heroQuery":"golden temple",
      "places":["Amritsar","Wagah Border","Chandigarh","Patiala","Anandpur Sahib"]},
    {"name":"Haryana","slug":"haryana","vibe":"Cities • Heritage","heroQuery":"gurgaon city",
      "places":["Gurugram","Faridabad","Kurukshetra","Panipat"]},
    {"name":"Bihar","slug":"bihar","vibe":"Heritage • Spiritual","heroQuery":"bodh gaya",
      "places":["Bodh Gaya","Nalanda","Rajgir","Patna","Vaishali"]},
    {"name":"West Bengal","slug":"west-bengal","vibe":"Culture • Hills • Delta","heroQuery":"darjeeling",
      "places":["Kolkata","Darjeeling","Kalimpong","Mirik","Sundarbans","Digha","Shantiniketan"]},
    {"name":"Odisha","slug":"odisha","vibe":"Coast • Heritage • Lakes","heroQuery":"puri beach",
      "places":["Bhubaneswar","Puri","Konark","Chilika Lake","Gopalpur","Simlipal"]},
    {"name":"Jharkhand","slug":"jharkhand","vibe":"Hills • Waterfalls","heroQuery":"ranchi waterfalls",
      "places":["Ranchi","Hazaribagh","Netarhat","Betla","Dassam Falls"]},
    {"name":"Chhattisgarh","slug":"chhattisgarh","vibe":"Waterfalls • Forests","heroQuery":"chitrakote falls",
      "places":["Raipur","Jagdalpur","Chitrakote Falls","Bastar","Kanker"]},
    {"name":"Assam","slug":"assam","vibe":"Tea • Wildlife","heroQuery":"kaziranga",
      "places":["Guwahati","Kaziranga","Majuli","Sivasagar","Haflong"]},
    {"name":"Meghalaya","slug":"meghalaya","vibe":"Hills • Living Roots","heroQuery":"cherrapunji",
      "places":["Shillong","Cherrapunji","Mawlynnong","Dawki","Living Root Bridges"]},
    {"name":"Sikkim","slug":"sikkim","vibe":"Himalayas • Lakes","heroQuery":"sikkim",
      "places":["Gangtok","Tsomgo Lake","Nathula Pass","Lachung","Yumthang Valley","Pelling"]},
    {"name":"Arunachal Pradesh","slug":"arunachal-pradesh","vibe":"Hills • Monasteries","heroQuery":"tawang",
      "places":["Tawang","Bomdila","Ziro","Itanagar","Dirang"]},
    {"name":"Nagaland","slug":"nagaland","vibe":"Hills • Culture","heroQuery":"dzukou valley",
      "places":["Kohima","Dimapur","Dzukou Valley","Mon"]},
    {"name":"Manipur","slug":"manipur","vibe":"Lakes • Hills","heroQuery":"loktak lake",
      "places":["Imphal","Loktak Lake","Ukhrul"]},
    {"name":"Mizoram","slug":"mizoram","vibe":"Hills • Culture","heroQuery":"mizoram hills",
      "places":["Aizawl","Lunglei","Champhai"]},
    {"name":"Tripura","slug":"tripura","vibe":"Palaces • Lakes","heroQuery":"neermahal",
      "places":["Agartala","Udaipur","Neermahal"]},
    {"name":"Andaman & Nicobar Islands","slug":"andaman-nicobar","vibe":"Islands • Beaches","heroQuery":"havelock island",
      "places":["Port Blair","Havelock Island","Neil Island","Cellular Jail"]},
    {"name":"Ladakh (UT)","slug":"ladakh","vibe":"High Himalayas • Lakes • Adventure","heroQuery":"ladakh","hasDetailPage":false,
      "themes":["Adventure","Lakes","Mountains","Trek","Photography"],
      "places":["Leh","Nubra Valley","Pangong Lake","Tso Moriri","Magnetic Hill"]},
    {"name":"Jammu & Kashmir (UT)","slug":"jammu-kashmir","vibe":"Valleys • Lakes","heroQuery":"kashmir",
      "places":["Srinagar","Gulmarg","Pahalgam","Sonamarg","Dal Lake"]},
    {"name":"Delhi (UT)","slug":"delhi","vibe":"Heritage • City","heroQuery":"delhi monuments",
      "places":["India Gate","Red Fort","Qutub Minar","Lotus Temple","Humayun’s Tomb"]}
  ]
}